{
    "accuracy": 0.9431887599266952,
    "precision": 0.8307692307692308,
    "recall": 0.7297297297297297
}
