{
    "accuracy": 0.9553679131483716,
    "precision": 0.8958333333333334,
    "recall": 0.7610619469026548
}
